"Deployment.id","Setup.date","Pickup.date","First.behaviour.start","Last.behaviour.end","Days.deployed","Days.observed","N.observations","Puma.name","Lat","Long","Carcass.species","Cam.id","Setup.crew","General.location","Comments","Carcass.age","Carcass.sex","Pumas","Species","Species.richness","N.kittens","Uncollared.puma.present","Bear.present","Bobcat.present","Coyote.present","Puma.present","Kitten alert","Kitten bed/rest","Kitten cache","Kitten defend","Kitten groom","Kitten mark","Kitten play","Puma alert","Puma bed/rest","Puma cache","Puma defend","Puma groom","Puma mark","Puma play","Total Alert Behaviour Counts","Total Feeding Time (s) Puma","Total Feeding Time (s) Kitten","Mean Feeding Bout Duration (s) Puma","Mean Feeding Bout Duration (s) Kitten","Std Dev Feeding Bout Duration (s) Puma","Std Dev Feeding Bout Duration (s) Kitten","Total Feeding Time (m) Pumas","Total Feeding Time (m) Black Bears","Total Feeding Time (m) Scavengers"
"12M_14Jan19","2019-01-14","2019-03-27","2019-01-14 12:14:23","2019-02-03 19:51:39",72,20.3175462962963,383,"12M",41.0629,-121.53908,"Mule Deer","52","JK, EW","Soldier Mountain ","Did not hear 12M on approach; a few weird things seen/heard on deployment, see prey record for details ","Adult","Male","12M; PUMA uncollared","UNKNOWN; BIRD (other); MOUSE; JAY scrub; LAGOMORPH; FOX gray; SKUNK striped; CHIPMUNK; JAY Stellar's; PUMA",10,0,TRUE,FALSE,FALSE,FALSE,TRUE,0,0,0,0,0,0,0,31,0,5,0,0,0,0,31,1905.371,0,41.4211086956522,0,37.3468517734484,0,31.7561833333333,0,8.78335
"12M_16Sep19","2019-09-16","2019-10-11","2019-09-16 10:05:48","2019-09-18 04:04:33",24,1.74913194444444,1253,"12M",41.21618,-121.8711,"Mule Deer","63","JH, MC","Lone Pine Ridge (south of 89)","No sign of 12M on approach but heard strong on the reciever at the truck before and after deployment ","Yearling","Male","12M","UNKNOWN; ROBIN American; BIRD (other); BEAR black; MOUSE; PUMA",6,0,FALSE,TRUE,FALSE,FALSE,TRUE,0,0,0,0,0,0,0,100,0,33,0,0,0,0,100,4128.236,0,34.4019666666667,0,37.107040030803,0,68.8039333333333,21.6393666666667,0
"12M_2Jun19","2019-06-02","2019-07-21","2019-06-02 15:10:10","2019-06-13 14:52:04",49,10.9874305555556,4528,"12M",41.27713,-121.99734,"Mule Deer","55","WB, MC","Middle Falls","No sign of 12M, but we got a VST omni signal from the truck ~350m away","Adult","Female",NA,"UNKNOWN; SQUIRREL California ground; LAGOMORPH; VULTURE turkey; RAVEN common; COYOTE; BEAR black; BIRD (other); CHIPMUNK",9,0,FALSE,TRUE,FALSE,TRUE,FALSE,0,0,0,0,0,0,0,0,0,0,0,0,0,0,0,0,0,0,0,NA,NA,0,11.1971833333333,1388.31481666667
"12M_9Aug19","2019-08-09","2019-09-23","2019-08-09 15:14:52","2019-08-28 11:11:59",45,18.8313310185185,493,"12M",41.1899,-121.94373,"Mule Deer","54","EW,KM(guest)","Red Ant Gulch","12M heard on receiver when pulling up. Have to drive road through blue gate that was unlocked, road taken to XR6 is not on avenza for angel creek crossing. Steller's Jay kill @ 41.19007,-121.94374 did not do veg for it.","Yearling","Male","12M","UNKNOWN; BEAR black; SQUIRREL California ground; FISHER; SQUIRREL Douglas; LAGOMORPH; PUMA",7,0,FALSE,TRUE,FALSE,FALSE,TRUE,0,0,0,0,0,0,0,3,0,0,0,0,0,0,3,0,0,0,0,NA,NA,0,91.8414833333333,0.26365
"13F_14Aug19","2019-08-14","2019-09-19","2019-08-14 11:17:58","2019-09-01 02:39:28",36,17.6399305555556,663,"13F",41.24051,-121.47327,"Mule Deer","","JK, JH ","Adobe Flat Reservoir ","13F not heard on Omni before approaching cluster ","Adult","Female",NA,"UNKNOWN; BEAR black; VULTURE turkey; SKUNK striped",4,0,FALSE,TRUE,FALSE,FALSE,FALSE,0,0,0,0,0,0,0,0,0,0,0,0,0,0,0,0,0,0,0,NA,NA,0,114.220033333333,33.7702666666667
"13F_24Apr19","2019-04-24","2019-05-17","2019-04-24 14:01:14","2019-05-15 18:38:08",23,21.1922916666667,707,"13F",41.25865,-121.47909,"Mule Deer","55","JK, DG","South Bowman Spring","Heard 13F on Omni when leaving the site. Camera mounted on stake ","Adult","Female","KITTEN1; KITTEN2; 13F","UNKNOWN; BEAR black; VULTURE turkey; SQUIRREL Douglas; BIRD (other); PUMA",6,2,FALSE,TRUE,FALSE,FALSE,TRUE,49,31,3,11,0,0,1,26,0,4,6,0,0,0,75,2129.541,1889.737,54.6036153846154,29.0728769230769,65.6166622615642,41.5721380439726,66.9879666666667,17.0280833333333,0
"13F_26Mar19","2019-03-26","2019-04-17","2019-03-26 12:59:37","2019-04-10 12:49:22",22,15.0345486111111,327,"13F",41.15544,-121.49108,"Mule Deer","56","WB, JH","Timbered Crater","No sign of 13F or kittens.","Yearling","Female","KITTEN1; KITTEN2; KITTEN3; PUMA unidentifiable; 13F","UNKNOWN; RAVEN common; FOX gray; SQUIRREL California ground; PUMA",5,3,FALSE,FALSE,FALSE,FALSE,TRUE,24,6,0,10,3,0,0,3,1,0,6,0,0,0,27,480.185,841.935,36.9373076923077,23.3870833333333,31.6023440675546,20.1492055913946,22.0353333333333,0,3.21
"13F_3Feb20","2020-02-03","2020-03-01",NA,NA,27,NA,0,"13F",41.23501,-121.39331,"Mule Deer","62 or 63?","JK, Guest","Little Hot Spring","Heard 13F on reciever before and after site visit","Adult","Male",NA,NA,0,0,FALSE,FALSE,FALSE,FALSE,FALSE,0,0,0,0,0,0,0,0,0,0,0,0,0,0,0,0,0,0,0,NA,NA,0,0,0
"14M_21Aug19","2019-08-21","2019-09-26","2019-08-21 13:05:02","2019-09-11 17:13:09",36,21.1723032407407,327,"14M",41.24644,-121.02113,"Mule Deer","55","EW, MC","Lower McCloud Falls","Kill site flagged, on backside of tree where camera was set, watch out for hornets","Fawn","Male","14M","UNKNOWN; BEAR black; SQUIRREL Douglas; COYOTE; CHIPMUNK; SQUIRREL California ground; DEER Mule; PUMA",8,0,FALSE,TRUE,FALSE,TRUE,TRUE,0,0,0,0,0,0,0,8,14,1,0,1,0,0,8,224.48,0,24.9422222222222,0,25.1297319960728,0,3.74133333333333,51.3357166666667,0
"14M_24Jul19","2019-07-24","2019-08-27","2019-07-24 16:50:18","2019-08-14 20:34:34",34,21.1557407407407,212,"14M",41.12034,-121.58389,"Mule Deer","56","JK, CB","West Thousand Springs","14M not heard on Omni before deployment ","Fawn","Male","14M","UNKNOWN; SKUNK striped; VULTURE turkey; SQUIRREL Douglas; FOX gray; BEAR black; DEER Mule; PUMA",8,0,FALSE,TRUE,FALSE,FALSE,TRUE,0,0,0,0,0,0,0,7,0,2,0,0,0,0,7,223.193,0,31.8847142857143,0,34.8093610336563,0,3.71988333333333,5.1529,12.7597
"14M_25Jul19","2019-07-25","2019-08-27","2019-07-25 10:41:16","2019-08-15 09:53:47",33,20.967025462963,175,"14M",41.12368,-121.58754,"Mule Deer","61","JH, CB","Dana","No sign of 14M, very close to the XR6 set the prvious day but definitely a different fawn kill, human tracks on road within 200m of cluster (maybe closer)","Fawn","Unknown","14M","UNKNOWN; BEAR black; SKUNK striped; MOUSE; SQUIRREL Douglas; DEER Mule; PUMA",7,0,FALSE,TRUE,FALSE,FALSE,TRUE,0,0,0,0,0,0,0,8,2,3,0,0,0,0,8,78.99,0,15.798,0,24.7305492256035,0,1.3165,13.0962833333333,0
"14M_5Jun19","2019-06-05","2019-08-27","2019-06-05 15:33:43","2019-06-26 23:53:40",83,21.3471875,347,"14M",41.02301,-121.4519,"Mule Deer","58","EW, PR","Fall River Lake","No sign of 14M","Yearling","Male","14M","UNKNOWN; LAGOMORPH; SQUIRREL Douglas; MAGPIE; SKUNK striped; SQUIRREL California ground; COYOTE; PUMA",8,0,FALSE,FALSE,FALSE,TRUE,TRUE,0,0,0,0,0,0,0,2,0,2,0,0,0,0,2,103.245,0,51.6225,0,31.9096077146053,0,1.72075,0,2.43375
"14M_6Jan20","2020-01-06","2020-02-06",NA,NA,31,NA,0,"14M",41.01297,-121.56914,"Mule Deer","65","EW,JK","Lake Britton","Heard 14M on reciever but no sign of him as we approached. Parasite in mouth of deer, photo online","Yearling","Male",NA,NA,0,0,FALSE,FALSE,FALSE,FALSE,FALSE,0,0,0,0,0,0,0,0,0,0,0,0,0,0,0,0,0,0,0,NA,NA,0,0,0
"14M_7Jun19","2019-06-07","2019-08-27","2019-06-07 16:59:44","2019-06-28 11:08:52",81,20.7563425925926,58,"14M",41.02781,-121.4488,"Mule Deer","64","WB, JA","Fall River Lake","Same buck carcass EW deployed XR6 on two days prior. No sign of 14M.","Yearling","Male","14M","UNKNOWN; MAGPIE; BIRD (other); LAGOMORPH; SQUIRREL California ground; PUMA",6,0,FALSE,FALSE,FALSE,FALSE,TRUE,0,0,0,0,0,0,0,2,0,5,0,0,0,0,2,62.487,0,12.4974,0,9.79491629877458,0,1.04145,0,0
"1F_12Jan18","2018-01-12","2018-02-08","2018-01-12 09:36:01","2018-01-15 20:25:29",27,3.45101851851852,747,"1F",41.66657,-122.06717,"Mule Deer","59","WB, EL","Deer Mt","No sign of 1F or kitten when deploying camera.","Adult","Male","KITTEN1; 1F","UNKNOWN; EAGLE golden; PUMA",3,1,FALSE,FALSE,FALSE,FALSE,TRUE,53,0,4,0,1,0,4,33,0,9,0,0,0,2,86,5126.52,2986.242,62.5185365853659,27.9088037383178,62.3283581138258,26.6679746836026,135.2127,0,4.71075
"1F_12Jan19","2019-01-12","2019-02-05","2019-01-12 13:10:49","2019-02-01 19:37:58",24,20.2688541666667,408,"1F",41.67768,-122.04017,"Mule Deer","51","JH, AC","Horsetheif butte","did not see 1F, no fresh tracks either. also I forgot to take coordinates like a goober so I'll pick it up","Fawn","Male","1F; 9F","UNKNOWN; FOX gray; LAGOMORPH; SKUNK western spotted; PUMA",5,0,FALSE,FALSE,FALSE,FALSE,TRUE,0,0,0,0,0,0,0,32,20,31,0,3,0,0,32,2087.264,0,59.6361142857143,0,55.9778788486874,0,34.7877333333333,0,3.37638333333333
"1F_12Jun18","2018-06-12","2018-08-19","2018-06-12 18:06:33","2018-07-03 13:14:50",68,20.7974189814815,298,"1F",41.46673,-121.92027,"Mule Deer","52","EW, LV","Hemlock Ridge","","Adult","Female","1F","UNKNOWN; MOUSE; SQUIRREL golden-mantled ground; REPTILE; BEAR black; BIRD (other); PUMA",7,0,FALSE,TRUE,FALSE,FALSE,TRUE,0,0,0,0,0,0,0,0,0,1,0,0,0,0,0,0,0,0,0,NA,NA,0,1.54396666666667,0.00691666666666667
"1F_13Dec17","2017-12-13","2018-01-07","2017-12-13 09:45:58","2018-01-02 20:18:08",25,20.4390046296296,309,"1F",41.49437,-122.16843,"Mule Deer","57","RL, EL","Military Pass Road","Head missing when XR-6 was set","Adult","Female","PUMA unidentifiable; KITTEN1; 1F","UNKNOWN; COYOTE; PUMA",3,1,FALSE,FALSE,FALSE,TRUE,TRUE,3,6,0,0,0,0,1,8,14,0,0,2,0,1,11,108.833,143.367,54.4165,71.6835,68.1177175520437,59.7738575340424,4.20333333333333,0,9.2582
"1F_13Feb18","2018-02-13","2018-03-18","2018-02-13 11:20:52","2018-03-05 03:11:57",33,19.660474537037,124,"1F",41.64238,-121.76247,"Mule Deer","","RL, WB","Hill 22","","Adult","Male","KITTEN1; 1F; PUMA unidentifiable","UNKNOWN; BOBCAT; FOX gray; DEER Mule; PUMA",5,1,FALSE,FALSE,TRUE,FALSE,TRUE,3,1,1,0,0,0,0,1,0,1,0,0,0,0,4,88.195,19.485,17.639,6.495,16.9940766151033,3.92638663404408,1.79466666666667,0,2.32665
"1F_13May17","2017-05-13","2017-07-09","2017-05-13 13:11:01","2017-05-17 09:34:05",57,3.84935185185185,1807,"1F",41.58961,-122.12204,"Mule Deer","","BC, RL","Deer Mt","HW & BC picked up","Adult","Female","KITTEN1; 1F","UNKNOWN; CHIPMUNK; RAVEN common; BIRD (other); MOUSE; LAGOMORPH; SQUIRREL Douglas; BEAR black; PUMA",9,1,FALSE,TRUE,FALSE,FALSE,TRUE,41,38,3,4,3,0,29,32,18,15,2,2,0,2,73,3735.07,5911.945,46.688375,45.1293511450382,47.6740866048258,54.3824007937415,160.783583333333,79.4047,55.4090166666667
"1F_13May18","2018-05-13","2018-06-06","2018-05-13 11:25:09","2018-06-03 16:13:11",24,21.2000231481481,1417,"1F",41.6668,-122.00352,"Mule Deer","60","EL, EW","Dead Steer","1F not present on approach ","Adult","Male","1F; 3M; PUMA unidentifiable","UNKNOWN; MOUSE; RAVEN common; SQUIRREL western gray; VULTURE turkey; COYOTE; PUMA",7,0,FALSE,FALSE,FALSE,TRUE,TRUE,0,0,0,0,0,0,0,120,2,67,1,8,4,0,120,14439.035,0,52.5055818181818,0,65.4103824518124,0,240.650583333333,0,20.6003333333333
"1F_13Nov17","2017-11-13","2017-12-11","2017-11-13 11:43:48","2017-12-04 23:54:15",28,21.5072569444444,1114,"1F",41.54979,-122.05113,"Mule Deer","53","BC, EL","EJ Louie / Fruit Growers","Cache approx. 30 m from road. 2 logging trucks drove by as we were setting the camera (we kept hidden). No sign of 1F or kitten upon approach ","Adult","Female","KITTEN1; 1F; PUMA unidentifiable","UNKNOWN; FOX gray; BEAR black; RAVEN common; COYOTE; PUMA",6,1,FALSE,TRUE,FALSE,TRUE,TRUE,53,34,10,1,7,0,40,42,15,11,0,6,0,15,95,744.406,2250.272,25.6691724137931,25.2839550561798,22.36535107046,28.3766937063236,49.9113,55.82555,8.40198333333333
"1F_15Oct17","2017-10-15","2017-11-16","2017-10-15 13:05:50","2017-11-05 07:46:11",32,20.7780208333333,765,"1F",41.45062,-121.89448,"Mule Deer","59","BC, WB","Trout Creek Campground","No sign of 1F or kitten when approaching carcass. ","Fawn","Male","KITTEN1; 1F","UNKNOWN; GOSHAWK northern; MOUSE; SQUIRREL golden-mantled ground; SQUIRREL western gray; LAGOMORPH; BEAR black; JAY Stellar's; COYOTE; COW domestic; PUMA",11,1,FALSE,TRUE,FALSE,TRUE,TRUE,36,3,0,3,0,0,3,16,1,0,3,0,0,0,52,931.642,1852.807,46.5821,37.812387755102,46.1637392502863,36.759399409548,46.4074833333333,13.952,30.4444
"1F_18May18","2018-05-18","2018-06-10","2018-05-18 14:38:54","2018-05-27 19:54:07",23,9.21890046296296,1717,"1F",41.58072,-122.0316,"Mule Deer","57","WB, JK","West Haight","No sign of 1F or kitten upon approach, although we did hear her on the omni.","Adult","Male","1F","UNKNOWN; CHIPMUNK; BIRD (other); RAVEN common; BEAR black; VULTURE turkey; PUMA",7,0,FALSE,TRUE,FALSE,FALSE,TRUE,0,0,0,0,0,0,0,126,46,86,0,36,0,0,126,9587.361,0,66.5788958333333,0,89.0979446073522,0,159.78935,103.758583333333,45.7613833333333
"1F_1Aug17","2017-08-01","2017-09-01","2017-08-01 10:48:53","2017-08-22 11:28:16",31,21.027349537037,404,"1F",41.50375,-121.99255,"Mule Deer","58","RL, JD","","RL & EL picked up and did veg","Adult","Male",NA,"UNKNOWN; BEAR black; BIRD (other); COYOTE; CHIPMUNK; SQUIRREL golden-mantled ground",6,0,FALSE,TRUE,FALSE,TRUE,FALSE,0,0,0,0,0,0,0,0,0,0,0,0,0,0,0,0,0,0,0,NA,NA,0,10.0099333333333,0.0489333333333333
"1F_23Apr19","2019-04-23","2019-06-03","2019-04-23 11:36:49","2019-05-12 12:02:39",41,19.0179398148148,612,"1F",41.62199,-121.96341,"Mule Deer","53","WB, HS","S of Orr Mt","No sign of 1F; controlled burn going on by USFS in area, getting as close as ~75m from kill but upslope above escarpment. I confirmed they were burning at this site.","Yearling","Male","1F","UNKNOWN; VULTURE turkey; RAVEN common; BEAR black; MOUSE; CHIPMUNK; COYOTE; PUMA",8,0,FALSE,TRUE,FALSE,TRUE,TRUE,0,0,0,0,0,0,0,32,0,22,0,0,0,0,32,2981.603,0,60.8490408163265,0,79.2401654163255,0,49.6933833333333,23.59425,11.9593666666667
"1F_23Mar18","2018-03-23","2018-04-14","2018-03-23 13:29:56","2018-04-13 10:50:50",22,20.9311805555556,334,"1F",41.74143,-122.04961,"Mule Deer","60","WB, guest","Mt Hebron","No sign of 1F or kitten when deploying camera.","Adult","Male","KITTEN1; 1F; 3M","UNKNOWN; COYOTE; SQUIRREL golden-mantled ground; VULTURE turkey; CHIPMUNK; MOUSE; BIRD (other); PUMA",8,1,FALSE,FALSE,FALSE,TRUE,TRUE,7,1,0,0,0,0,0,9,0,3,0,0,0,0,16,229.328,131.058,28.666,18.7225714285714,20.8026595071743,11.3762219835518,6.00643333333333,0,63.9094333333333
"1F_25Jul18","2018-07-25","2018-09-03","2018-07-25 13:51:01","2018-08-15 16:44:45",40,21.1206481481481,901,"1F",41.51025,-122.04816,"Mule Deer","53","JK, TS","Ulcer Point ","No sign of 1F","Fawn","Male","1F","UNKNOWN; SQUIRREL western gray; SQUIRREL Douglas; BEAR black; CHIPMUNK; MOUSE; BIRD (other); LAGOMORPH; DEER Mule; JAY Stellar's; PUMA",11,0,FALSE,TRUE,FALSE,FALSE,TRUE,0,0,0,0,0,0,0,8,0,9,0,0,0,0,8,702.165,0,39.0091666666667,0,41.1807575527411,0,11.70275,50.9813166666667,0
"1F_25Mar19","2019-03-25","2019-04-17","2019-03-25 13:00:10","2019-04-09 13:56:24",23,15.0807175925926,29,"1F",41.62046,-121.95521,"Mule Deer","53","WB, HS","S of Orr Mt","No sign of 1F; fresh snow present and no tracks found so unlikely we bumped her.","Fawn","Male",NA,"UNKNOWN; DEER Mule; BIRD (other); COYOTE",4,0,FALSE,FALSE,FALSE,TRUE,FALSE,0,0,0,0,0,0,0,0,0,0,0,0,0,0,0,0,0,0,0,NA,NA,0,0,0.148766666666667
"1F_26Apr18","2018-04-26","2018-05-18","2018-04-26 12:13:19","2018-05-17 13:00:05",22,21.0324768518519,66,"1F",41.62294,-121.93244,"Mule Deer","56","WB, EL","Tennant","Bumped 1F and kitten about 30 seconds apart. Both were ~40m away and trotted away.","Adult","Female","KITTEN1; 1F","UNKNOWN; BEAR black; COYOTE; SQUIRREL Douglas; SQUIRREL California ground; SQUIRREL golden-mantled ground; PUMA",7,1,FALSE,TRUE,FALSE,TRUE,TRUE,4,0,2,0,1,0,2,1,0,1,1,0,0,1,5,0,0,0,0,NA,NA,0,1.54698333333333,1.04178333333333
"1F_28Aug18","2018-08-28","2018-10-01","2018-08-28 09:49:49","2018-09-18 14:04:28",33,21.1768402777778,747,"1F",41.56622,-121.94902,"Mule Deer","52","WB, JH","Tennant","No sign of 1F; weird possible kill site here... JH or WB should probably retrieve cam","Fawn","Unknown","1F; PUMA uncollared","UNKNOWN; CHIPMUNK; SQUIRREL Douglas; SQUIRREL California ground; BIRD (other); THRUSH varied; VULTURE turkey; FOX gray; BEAR black; SKUNK striped; PUMA",11,0,TRUE,TRUE,FALSE,FALSE,TRUE,0,0,0,0,0,0,0,27,0,2,0,0,0,0,27,3817.961,0,76.35922,0,88.6166204727524,0,63.6326833333333,54.84485,32.2017
"1F_30Apr19","2019-04-30","2019-06-03",NA,NA,34,NA,0,"1F",41.65472,-122.06111,"Mule Deer","60","JK, WB","Deer Mt","Carcass anchored to stake. Kill site found","Adult","Female",NA,NA,0,0,FALSE,FALSE,FALSE,FALSE,FALSE,0,0,0,0,0,0,0,0,0,0,0,0,0,0,0,0,0,0,0,NA,NA,0,0,0
"1F_30Mar19","2019-03-30","2019-04-25","2019-03-30 12:05:27","2019-04-20 23:46:21",26,21.5284027777778,472,"1F",41.68568,-122.00289,"Mule Deer","60","EW, SS","Mt Hebron","1F and 9F heard on omni","Adult","Female","1F; PUMA uncollared","UNKNOWN; SQUIRREL western gray; LAGOMORPH; COYOTE; VULTURE turkey; RAVEN common; MOUSE; BEAR black; PUMA",9,0,TRUE,TRUE,FALSE,TRUE,TRUE,0,0,0,0,0,0,0,38,4,47,0,4,1,0,38,1101.55,0,23.9467391304348,0,20.6494931553992,0,18.3591666666667,4.37521666666666,5.06168333333333
"1F_30Sep17","2017-09-30","2017-10-31","2017-09-30 13:00:58","2017-10-21 20:33:08",31,21.3140046296296,855,"1F",41.37417,-122.1265,"Mule Deer","56","BC, EL","Clear Creek Trailhead","Heard noise upslope while searching for carcass. Suspect 1F. No kitten tracks obvious - but could be deceiving due to substrate and current kitten size. Carcass consumption needs to be updated for deployment.","Adult","Female","KITTEN1; 1F","UNKNOWN; JAY Stellar's; BEAR black; BIRD (other); THRUSH varied; RAVEN common; SQUIRREL Douglas; OTHER; MOUSE; PUMA",10,1,FALSE,TRUE,FALSE,FALSE,TRUE,12,5,0,3,15,0,1,30,33,9,1,2,0,1,42,2394.046,2446.531,45.170679245283,46.1609622641509,46.8664485741434,63.3393440952906,80.6762833333333,23.7687333333333,0.2803
"1F_31Aug18","2018-08-31","2018-10-01",NA,NA,30,NA,0,"1F",41.56397,-121.97775,"Unknown","55","WB, EW","West Haight","Bumped 1F when we got w/ in 5m of her. We could not see her because she was in the middle of a shrub thicket. Likely she has kittens in there, as we were in the area for 10-15 min, w/in 25m of her, before she actually left. We yelled a bit when she first started moving (didn't know if she was coming at us or not), but then talked in normal voices as she trotted away.","Unknown","Unknown",NA,NA,0,0,FALSE,FALSE,FALSE,FALSE,FALSE,0,0,0,0,0,0,0,0,0,0,0,0,0,0,0,0,0,0,0,NA,NA,0,0,0
"1F_4Feb19","2019-02-04","2019-03-29","2019-02-04 14:01:16","2019-02-07 04:26:59",53,2.60119212962963,240,"1F",41.72184,-121.91762,"Mule Deer","58","WB, VSZ","Cedar Mt","Likely bumped 1F. It was snowing most of the day, but we found her bed site uphill of the carcass that was still warm and snowless. Her tracks leading away from the bed site revealed that she ran for a bit in the opposite direction of our approach.","Adult","Female","1F; 9F","UNKNOWN; PUMA",2,0,FALSE,FALSE,FALSE,FALSE,TRUE,0,0,0,0,0,0,0,68,0,21,0,0,0,0,68,2120.63,0,31.6511940298507,0,33.079853046575,0,35.3438333333333,0,0
"1F_4Nov17","2017-11-04","2017-11-27","2017-11-04 11:52:20","2017-11-07 18:20:05",23,3.26927083333333,1128,"1F",41.49337,-122.01114,"Mule Deer","60","WB, RL","Hart's Meadow","Lion tracks in snow sitting down and pointing in the direction we walked down the hill towards kill suggest we may have bumped them. Tracks show lion walking away from the area. Carcass use needs to be changed for deployment.","Adult","Female","KITTEN1; 1F; KITTEN2","UNKNOWN; PUMA",2,2,FALSE,FALSE,FALSE,FALSE,TRUE,81,0,2,0,0,0,5,48,0,8,0,0,0,0,129,6413.12,9946.482,66.1146391752577,62.5564905660377,86.2941399503738,95.0061350233461,272.660033333333,0,0
"1F_7Jan18","2018-01-07","2018-02-01","2018-01-07 13:30:24","2018-01-15 21:23:08",25,8.32828703703704,41,"1F",41.51418,-122.11582,"Mule Deer","53","WB, EL","Whaleback","1F not present during XR6 deployment, bird scat found, no other scavanger sign","Adult","Female","KITTEN1; 1F","UNKNOWN; RAVEN common; COYOTE; PUMA",4,1,FALSE,FALSE,FALSE,TRUE,TRUE,3,1,1,2,0,0,0,0,0,0,1,0,0,0,3,0,35.407,0,11.8023333333333,0,6.80866421064612,0.590116666666667,0,0.201633333333333
"1F_7Oct17","2017-10-07","2017-11-02","2017-10-07 15:21:54","2017-10-27 13:40:29",26,19.9295717592593,1235,"1F",41.52923,-122.13148,"Mule Deer","54","WB, EL","Whaleback","No sign of 1F or kitten when approaching carcass. Lion tracks found leading away from carcass down hill to the road where 2 lions walked for a bit. Scavenger sign notes for retrieval need to be included.","Adult","Female","KITTEN1; 1F","UNKNOWN; JAY Stellar's; BIRD (other); COYOTE; SQUIRREL Douglas; RAVEN common; PUMA",7,1,FALSE,FALSE,FALSE,TRUE,TRUE,16,14,1,0,1,0,7,12,45,3,0,7,0,1,28,63.819,2158.737,7.977375,53.968425,5.80715841348294,63.6382255010093,37.0426,0,111.618283333333
"1F_9Apr19","2019-04-09","2019-06-07","2019-04-09 10:59:08","2019-04-29 14:45:44",59,20.1573611111111,910,"1F",41.62264,-122.04295,"Mule Deer","52","WB, DG","West Haight","No sign of 1F; fresh snow (from the morning) present and no tracks found so unlikely we bumped her.","Adult","Female","1F","UNKNOWN; BEAR black; COYOTE; SQUIRREL golden-mantled ground; THRUSH varied; PUMA",6,0,FALSE,TRUE,FALSE,TRUE,TRUE,0,0,0,0,0,0,0,42,1,53,0,2,0,0,42,4209.414,0,47.2967865168539,0,50.2180620923008,0,70.1569,78.02815,0.2209
"3M_10Jan18","2018-01-10","2018-02-01","2018-01-10 11:38:45","2018-01-30 20:21:06",22,20.3627430555556,840,"3M",41.67625,-121.95307,"Mule Deer","57","RL, EL","Orr Mt","Deer emanciated","Adult","Male","3M; PUMA uncollared","UNKNOWN; RAVEN common; SKUNK striped; COYOTE; SKUNK western spotted; EAGLE golden; MAGPIE; PUMA",8,0,TRUE,FALSE,FALSE,TRUE,TRUE,0,0,0,0,0,0,0,54,2,50,0,10,0,1,54,8069.342,0,71.4101061946903,0,108.312676628111,0,134.489033333333,0,10.2152833333333
"3M_11Feb18","2018-02-11","2018-03-15","2018-02-11 15:04:07","2018-03-04 11:49:14",32,20.8646643518519,607,"3M",41.68592,-121.97805,"Mule Deer","60","WB, EL","Orr Mt","No sign of 3M when deploying cam. His VHF signal was loud on the omni, though.","Adult","Male","3M","UNKNOWN; BIRD (other); MAGPIE; COYOTE; ROBIN American; HUMAN; FLICKER northern; PUMA",8,0,FALSE,FALSE,FALSE,TRUE,TRUE,0,0,0,0,0,0,0,21,0,18,0,0,0,0,21,1601.526,0,50.0476875,0,47.0625849881853,0,26.6921,0,46.0896333333333
"3M_19Oct18","2018-10-19","2018-12-03","2018-10-19 14:25:16","2018-10-23 10:13:11",45,3.82494212962963,2177,"3M",41.70001,-121.98615,"Mule Deer","58","JK, JH","Mount Hebron","Bumped 3M on approach; camera is screwed to a tree, bring a nut tool ","Adult","Unknown","3M","UNKNOWN; MOUSE; MAGPIE; COYOTE; RAVEN common; PUMA",6,0,FALSE,FALSE,FALSE,TRUE,TRUE,0,0,0,0,0,0,0,86,14,70,3,5,0,0,86,10586.2,0,58.1659340659341,0,68.1689974459887,0,176.436666666667,0,458.773333333333
"3M_20Nov17","2017-11-20","2017-12-13","2017-11-20 09:53:18","2017-12-11 08:07:14",23,20.9263425925926,1658,"3M",41.7022,-121.98465,"Mule Deer","56","RL, EL","Butte Creek, east of Mount Hebron","He was bedded down 3M from cache at about 0930, he most likely didn't hear us because of the creek.  He ran when we were 20-30m away across creek and up a tiny hill, looked back for a few seconds and then contiunued out of site.  No aggressive behavior.","Adult","Female","3M; PUMA unidentifiable","UNKNOWN; EAGLE golden; MAGPIE; BIRD (other); DEER Mule; EAGLE bald; COYOTE; SKUNK striped; RAVEN common; PUMA",10,0,FALSE,FALSE,FALSE,TRUE,TRUE,0,0,0,0,0,0,0,32,0,6,3,0,0,0,32,1350.938,0,48.2477857142857,0,77.3024241128967,0,22.5156333333333,0,140.4409
"3M_22Oct17","2017-10-22","2017-11-14","2017-10-22 10:26:23","2017-11-12 17:16:49",23,21.2850231481481,1725,"3M",41.71171,-121.94084,"Mule Deer","53","RL, EL","Round valley/ cedar mtn.","BC picked up. No sign of 3M. Carcass fully consumed; Photos from XR6 deployment? Cause of Death?","Adult","Male","3M","UNKNOWN; SKUNK western spotted; ROBIN American; COYOTE; RAVEN common; HUMAN; MAGPIE; BIRD (other); BEAR black; PUMA",10,0,FALSE,TRUE,FALSE,TRUE,TRUE,0,0,0,0,0,0,0,238,206,49,7,99,0,0,238,6838.093,0,38.4162528089888,0,38.5205037989436,0,113.968216666667,4.60285,23.0774666666667
"3M_22Sep17","2017-09-22","2017-10-20","2017-09-22 13:18:59","2017-10-13 12:08:23",27,20.9093055555556,428,"3M",41.76894,-122.1175,"Mule Deer","59","WB, guest","Ball Mt","Saw 3M upon approach. He was walking away from us at ~50m, stopped and looked back at us, then continued walking away. The carcass was in between us when we first saw him.Scavenger sign notes need to be updated with deployment vs retrieval.","Adult","Female","3M","UNKNOWN; SKUNK western spotted; CHIPMUNK; BEAR black; WOODPECKER; SKUNK striped; FOX gray; DEER Mule; PUMA",9,0,FALSE,TRUE,FALSE,FALSE,TRUE,0,0,0,0,0,0,0,28,12,19,1,2,0,0,28,1061.075,0,39.2990740740741,0,39.0183007071198,0,17.6845833333333,19.7742166666667,0.447216666666667
"3M_23Mar18","2018-03-23","2018-04-14","2018-03-23 12:24:53","2018-04-13 11:13:17",22,20.9919444444444,327,"3M",41.74453,-122.06169,"Mule Deer","56","WB, guest","Mt Hebron","No sign of 3M when deploying camera but we had a booming signal from his collar when parking the truck and a weak one when returning, so we likely bumped him.","Fawn","Male","3M; KITTEN1; 1F","UNKNOWN; FOX gray; SQUIRREL golden-mantled ground; COYOTE; SQUIRREL California ground; LAGOMORPH; CHIPMUNK; PUMA",8,1,FALSE,FALSE,FALSE,TRUE,TRUE,12,0,0,0,0,0,0,18,0,10,0,2,0,0,30,1949.85,654.398,72.2166666666667,46.7427142857143,107.084390673539,39.0510737987467,43.4041333333333,0,6.3073
"3M_25Jan18","2018-01-25","2018-02-23","2018-01-25 11:35:24","2018-02-10 00:45:52",29,15.5489351851852,89,"3M",41.67022,-121.94405,"Mule Deer","56","RL, EL","Orr Mountain","Tracks  in snow from the morning, no visual of 3M when setting camera","Adult","Female","3M","UNKNOWN; COYOTE; MAGPIE; RAVEN common; PUMA",5,0,FALSE,FALSE,FALSE,TRUE,TRUE,0,0,0,0,0,0,0,6,0,8,0,0,0,0,6,0,0,0,0,NA,NA,0,0,3.86
"3M_25May18","2018-05-25","2018-06-16",NA,NA,22,NA,0,"3M",41.71562,-122.00277,"Mule Deer","54","WB, EW","Mt Hebron","No sign of 3M upon approach.","Adult","Male",NA,NA,0,0,FALSE,FALSE,FALSE,FALSE,FALSE,0,0,0,0,0,0,0,0,0,0,0,0,0,0,0,0,0,0,0,NA,NA,0,0,0
"3M_26Nov18","2018-11-26","2018-12-20","2018-11-26 10:39:47","2018-12-05 10:19:42",24,8.98605324074074,4900,"3M",41.70859,-121.98337,"Mule Deer","54","WB, EW","Shafter CG","Strong beacon from 3M's collar at road but no sign of him at cluster.","Adult","Male","3M","UNKNOWN; EAGLE golden; MAGPIE; RAVEN common; SKUNK striped; EAGLE bald; COYOTE; BEAR black; MOUSE; FOX gray; PUMA",11,0,FALSE,TRUE,FALSE,TRUE,TRUE,0,0,0,0,0,0,0,50,0,0,0,1,0,0,50,5031.327,0,45.3272702702703,0,44.8141268996824,0,83.85545,7.81511666666667,1077.74205
"3M_27Sep17","2017-09-27","2017-10-20","2017-09-27 10:08:23","2017-10-11 14:41:21",23,14.1895601851852,1210,"3M",41.64306,-122.21386,"Mule Deer","53","RL, guest","Herd Peak","Scavenger sign notes need to be updated with deployment vs retrieval.","Adult","Female","3M; PUMA uncollared","UNKNOWN; SQUIRREL golden-mantled ground; FOX gray; CHIPMUNK; SKUNK striped; SQUIRREL Douglas; SKUNK western spotted; JAY Stellar's; BEAR black; PUMA",10,0,TRUE,TRUE,FALSE,FALSE,TRUE,0,0,0,0,0,0,0,74,1,13,0,6,0,0,74,12401.061,0,64.9270209424084,0,82.3117838754418,0,206.68435,27.8695,10.0252166666667
"3M_2May18","2018-05-02","2018-05-29","2018-05-02 10:16:18","2018-05-23 09:46:13",27,20.9791087962963,1028,"3M",41.66844,-121.89818,"Mule Deer","51","RL, JH","Antelope Sink","No sign of 3M when we approached","Adult","Female","3M","UNKNOWN; SQUIRREL Douglas; SQUIRREL California ground; SQUIRREL golden-mantled ground; COYOTE; BEAR black; WOODRAT white-footed; CHIPMUNK; SQUIRREL western gray; MOUSE; BIRD (other); PUMA",12,0,FALSE,TRUE,FALSE,TRUE,TRUE,0,0,0,0,0,0,0,29,2,24,0,2,0,0,29,3417.434,0,62.1351636363636,0,60.9907390091326,0,56.9572333333333,106.0291,4.67695
"3M_2Sep17","2017-09-02","2017-09-27",NA,NA,24,NA,0,"3M",41.67079,-122.24544,"Mule Deer","60","WB, EL","Miller Mt","Camera moved by bear part of the way through","Adult","Male",NA,NA,0,0,FALSE,FALSE,FALSE,FALSE,FALSE,0,0,0,0,0,0,0,0,0,0,0,0,0,0,0,0,0,0,0,NA,NA,0,0,0
"3M_4Jan18","2018-01-04","2018-01-25","2018-01-04 13:35:13","2018-01-13 23:27:51",21,9.41155092592593,1657,"3M",41.68008,-121.95996,"Mule Deer","56","WB, RL","Orr Mt","No sign of 3M when deploying cam. 3 bear scats found.","Adult","Male","3M","UNKNOWN; BEAR black; EAGLE golden; MAGPIE; JAY Stellar's; RAVEN common; EAGLE bald; FOX gray; BIRD (other); COYOTE; PUMA",11,0,FALSE,TRUE,FALSE,TRUE,TRUE,0,0,0,0,0,0,0,10,0,0,0,0,0,0,10,1231.157,0,45.5984074074074,0,39.2738292321796,0,20.5192833333333,66.4841,168.594416666667
"3M_7Jan19","2019-01-07","2019-02-05","2019-01-07 10:30:13","2019-01-27 17:24:08",29,20.2874421296296,851,"3M",41.68502,-121.98296,"Mule Deer","54","WB, EW","Orr Mt","Fresh lion tracks leaving cache site but no we did not see 3M.","Adult","Female","3M","UNKNOWN; ROBIN American; SKUNK striped; MAGPIE; EAGLE golden; HUMAN; BOBCAT; PUMA",8,0,FALSE,FALSE,TRUE,FALSE,TRUE,0,0,0,0,0,0,0,41,10,18,5,2,0,0,41,560.582,0,26.694380952381,0,28.6579405339536,0,9.34303333333333,0,81.74235
"3M_7Jul18","2018-07-07","2018-07-31","2018-07-07 12:48:13","2018-07-28 21:13:35",24,21.3509490740741,645,"3M",41.64955,-122.14075,"Elk","","JH, JT","Grass Lake","No sign of 3M, forgot to write down python lock number, used a brown one, Jordan will retrieve it","Calf","Male","3M","UNKNOWN; BIRD (other); BOBCAT; CHIPMUNK; SQUIRREL golden-mantled ground; COW domestic; MOUSE; COYOTE; RAVEN common; SKUNK striped; DEER Mule; PUMA",12,0,FALSE,FALSE,TRUE,TRUE,TRUE,0,0,0,0,0,0,0,6,0,14,0,0,0,0,6,947.246,0,94.7246,0,84.9821581930911,0,15.7874333333333,0,3.76306666666667
"3M_9Nov18","2018-11-09","2018-12-02",NA,NA,23,NA,0,"3M",41.68355,-121.94104,"Mule Deer","52","JH, WB","Orr Mountain ","Camera is screwed to tree! Completed kill site veg already, just need cache veg data and nearest edge","Yearling","Unknown",NA,NA,0,0,FALSE,FALSE,FALSE,FALSE,FALSE,0,0,0,0,0,0,0,0,0,0,0,0,0,0,0,0,0,0,0,NA,NA,0,0,0
"4M_10May18","2018-05-10","2018-06-05",NA,NA,26,NA,0,"4M",41.68955,-122.24617,"Mule Deer","58","EL, JH","Miller Mt, C1","4M not on carcass","Adult","Female",NA,NA,0,0,FALSE,FALSE,FALSE,FALSE,FALSE,0,0,0,0,0,0,0,0,0,0,0,0,0,0,0,0,0,0,0,NA,NA,0,0,0
"4M_11Jul18","2018-07-11","2018-08-12","2018-07-11 15:50:50","2018-08-01 16:46:01",32,21.0383217592593,1808,"4M",41.6643,-122.13796,"Elk","","JK, WB","Grass Lake","No sign of 4M","Yearling","Female","4M","UNKNOWN; VULTURE turkey; RAVEN common; COYOTE; CHIPMUNK; MOUSE; SQUIRREL golden-mantled ground; BIRD (other); BOBCAT; SKUNK western spotted; GROUSE; PUMA",12,0,FALSE,FALSE,TRUE,TRUE,TRUE,0,0,0,0,0,0,0,1,0,0,0,0,0,0,1,0,0,0,0,NA,NA,0,0,49.0446666666667
"4M_11May17","2017-05-11","2017-07-08","2017-05-11 12:39:42","2017-06-01 11:38:22",58,20.9574074074074,289,"4M",41.59036,-121.83744,"Mule Deer","","WB, RL","Garner Mt","HW & BC picked up","Adult","Male","4M","UNKNOWN; SQUIRREL California ground; DEER Mule; BEAR black; COYOTE; SQUIRREL Douglas; LAGOMORPH; PUMA",8,0,FALSE,TRUE,FALSE,TRUE,TRUE,0,0,0,0,0,0,0,1,0,0,0,0,0,0,1,0,0,0,0,NA,NA,0,8.24951666666667,0.208566666666667
"4M_12Apr17","2017-04-12","2017-05-13","2017-04-12 12:19:00","2017-05-03 15:52:29",31,21.1482523148148,307,"4M",41.70052,-122.03389,"Mule Deer","","BC, WB","Mt Hebron","2 cameras deployed","Adult","Female","4M","UNKNOWN; CHIPMUNK; SQUIRREL golden-mantled ground; VULTURE turkey; MOUSE; FOX gray; RAVEN common; PUMA",8,0,FALSE,FALSE,FALSE,FALSE,TRUE,0,0,0,0,0,0,0,10,0,16,0,0,0,0,10,0,0,0,0,NA,NA,0,0,5.23983333333333
"4M_13Mar18","2018-03-13","2018-04-05","2018-03-13 08:32:04","2018-04-03 10:13:25",23,21.1120486111111,285,"4M",41.66253,-121.93356,"Mule Deer","54","RL, EL","N Tennant x Old State","","Adult","Female","4M","UNKNOWN; COYOTE; MAGPIE; RAVEN common; RAT; ROBIN American; BIRD (other); JAY Stellar's; LAGOMORPH; SQUIRREL golden-mantled ground; CHIPMUNK; DEER Mule; PUMA",13,0,FALSE,FALSE,FALSE,TRUE,TRUE,0,0,0,0,0,0,0,31,0,14,0,0,0,0,31,457.08,0,20.7763636363636,0,15.7393428874314,0,7.618,0,2.68015
"4M_17May17","2017-05-17","2017-07-08","2017-05-17 15:16:43","2017-05-22 20:03:43",52,5.19930555555556,1110,"4M",41.54189,-121.86749,"Mule Deer","52","WB, RL","Little Horse Peak","Double kill found while searching cluster; placed cam on 2nd, pretty intact carcass. HW & BC picked up","Adult","Female","4M","UNKNOWN; LAGOMORPH; MOUSE; SQUIRREL Douglas; BEAR black; PUMA",6,0,FALSE,TRUE,FALSE,FALSE,TRUE,0,0,0,0,0,0,0,24,0,1,0,0,0,0,24,486.736,0,24.3368,0,14.090075258848,0,8.11226666666667,68.4127166666667,0
"4M_19May18","2018-05-19","2018-06-15",NA,NA,27,NA,0,"4M",41.60898,-122.18353,"Mule Deer","56","WB, JK","Deer Mt","No sign of 4M during deployment.","Adult","Female",NA,NA,0,0,FALSE,FALSE,FALSE,FALSE,FALSE,0,0,0,0,0,0,0,0,0,0,0,0,0,0,0,0,0,0,0,NA,NA,0,0,0
"4M_24Apr18","2018-04-24","2018-05-16","2018-04-24 10:04:07","2018-05-16 00:00:04",22,21.5805208333333,1673,"4M",41.53578,-122.18973,"Elk","57","WB, EL","Whaleback","No sign of 4M when deploying camera.","Yearling","Male","4M; PUMA unidentifiable","UNKNOWN; VULTURE turkey; COYOTE; RAVEN common; SQUIRREL golden-mantled ground; BEAR black; PUMA",7,0,FALSE,TRUE,FALSE,TRUE,TRUE,0,0,0,0,0,0,0,74,0,3,0,0,0,0,74,4849.024,0,39.1050322580645,0,34.6347360699212,0,80.8170666666667,144.52295,75.7318833333333
"4M_26Mar18","2018-03-26","2018-04-17","2018-03-26 13:49:53","2018-04-14 23:19:15",22,19.4370601851852,499,"4M",41.5019,-122.27407,"Mule Deer","53","RL, WB","Bolam","No sign of 4M when deploying camera.","Adult","Male","4M","UNKNOWN; JAY Stellar's; BIRD (other); FOX gray; LAGOMORPH; BEAR black; PUMA",7,0,FALSE,TRUE,FALSE,FALSE,TRUE,0,0,0,0,0,0,0,14,0,22,0,0,0,0,14,1103.556,0,44.14224,0,39.4794471806534,0,18.3926,29.6611333333333,0.0297333333333333
"4M_31Aug18","2018-08-31","2018-11-12","2018-08-31 09:52:22","2018-09-20 12:39:26",72,20.1160185185185,410,"4M",41.80421,-122.17213,"Mule Deer","51","WB, EW","Ball Mt","No sign of 4M, when retrieved the cluster was no longer in the app","Yearling","Female","4M; 3M","UNKNOWN; MOUSE; BIRD (other); COW domestic; BEAR black; CHIPMUNK; SKUNK striped; PUMA",8,0,FALSE,TRUE,FALSE,FALSE,TRUE,0,0,0,0,0,0,0,29,0,3,0,0,0,0,29,1931.865,0,49.535,0,43.1523162725271,0,32.19775,38.3703833333333,0.160933333333333
"4M_3Apr17","2017-04-03","2017-05-11","2017-04-03 13:51:27","2017-04-07 16:39:32",38,4.11672453703704,2931,"4M",41.66125,-121.83669,"Elk","","BC, WB","Long Prairie","2 cameras deployed; 1 had batteries die, other SD card filled up","Adult","Female","4M; 3M","UNKNOWN; COYOTE; MAGPIE; RAVEN common; ELK; EAGLE golden; VULTURE turkey; MOUSE; BEAR black; PUMA",10,0,FALSE,TRUE,FALSE,TRUE,TRUE,0,0,0,0,0,0,0,46,0,3,0,0,0,0,46,1399.765,0,25.9215740740741,0,22.4253332712046,0,23.3294166666667,2.71651666666667,1046.48681666667
"4M_5Apr18","2018-04-05","2018-04-27","2018-04-05 09:41:58","2018-04-26 07:58:07",22,20.9278819444444,860,"4M",41.37812,-122.28384,"Mule Deer","51","RL, BC","Mount Shasta","","Adult","Female","4M","UNKNOWN; FOX gray; CHIPMUNK; SKUNK striped; BIRD (other); JAY Stellar's; PUMA",7,0,FALSE,FALSE,FALSE,FALSE,TRUE,0,0,0,0,0,0,0,88,0,31,0,7,0,0,88,5800.242,0,47.1564390243902,0,46.0139255290457,0,96.6707,0,21.4323666666667
"5M_12Sep18","2018-09-12","2018-10-25","2018-09-12 11:18:38","2018-09-17 20:39:55",42,5.38978009259259,1539,"5M",41.61886,-121.7976,"Mule Deer","60","JK, EW","Garner Mountain","Did not hear 5M on Omni while approaching ","Adult","Male","5M","UNKNOWN; CHIPMUNK; MOUSE; LAGOMORPH; PUMA",5,0,FALSE,FALSE,FALSE,FALSE,TRUE,0,0,0,0,0,0,0,208,8,79,0,3,0,1,208,15708.949,0,55.3132007042254,0,70.3886753885347,0,261.815816666667,0,0.0576833333333333
"5M_14Nov17","2017-11-14","2017-12-11","2017-11-14 11:58:15","2017-12-05 17:29:11",27,21.2298148148148,632,"5M",41.57526,-121.40117,"Mule Deer","54","RL, EL","East of Glass Mountain","","Fawn","Male","5M","UNKNOWN; COYOTE; CHIPMUNK; BIRD (other); RAVEN common; SQUIRREL Douglas; PUMA",7,0,FALSE,FALSE,FALSE,TRUE,TRUE,0,0,0,0,0,0,0,1,0,0,0,0,0,0,1,0,0,0,0,NA,NA,0,0,59.67325
"5M_17Jan18","2018-01-17","2018-02-14","2018-01-17 11:03:14","2018-02-07 04:46:51",28,20.7386226851852,836,"5M",41.63424,-121.89897,"Mule Deer","54","RL, EL","Tennant","No sign of 5M when setting camera, in sage brush, used stake to put up camera","Adult","Female","5M","UNKNOWN; RAVEN common; DOG domestic; COYOTE; BIRD (other); PUMA",6,0,FALSE,FALSE,FALSE,TRUE,TRUE,0,0,0,0,0,0,0,65,48,26,1,1,0,0,65,2410.997,0,40.1832833333333,0,36.2363315365042,0,40.1832833333333,0,41.0215
"5M_18May17","2017-05-18","2017-07-09","2017-05-18 10:27:03","2017-06-07 21:07:29",52,20.4447453703704,1080,"5M",41.67039,-121.78627,"Mule Deer","54","WB, RL","Wild Horse Mt","HW & BC picked up","Adult","Female","5M","UNKNOWN; CHIPMUNK; SQUIRREL golden-mantled ground; WOODRAT white-footed; SQUIRREL California ground; SQUIRREL Douglas; LAGOMORPH; SKUNK western spotted; VULTURE turkey; BIRD (other); SKUNK striped; PUMA",12,0,FALSE,FALSE,FALSE,FALSE,TRUE,0,0,0,0,0,0,0,110,2,55,0,0,0,1,110,8194.65,0,44.0572580645161,0,47.6533657119157,0,136.5775,0,4.97816666666667
"5M_1Nov17","2017-11-01","2017-11-28","2017-11-01 10:31:05","2017-11-05 06:22:21",27,3.82726851851852,1473,"5M",41.57354,-121.77453,"Mule Deer","57","RL, EL","Garner Mt","WB & EL picked up; Carcass use needs to be changed for what was found during deployment... no XR6 deployment form in folder.","Adult","Female","PUMA unidentifiable; 5M","UNKNOWN; SQUIRREL Douglas; PUMA",3,0,FALSE,FALSE,FALSE,FALSE,TRUE,0,0,0,0,0,0,0,179,0,57,0,6,0,5,179,15130.529,0,46.6991635802469,0,49.9297795943001,0,252.175483333333,0,0
"5M_21Sep18","2018-09-21","2018-10-13","2018-09-21 15:48:42","2018-10-12 10:57:02",21,20.755787037037,406,"5M",41.76755,-122.09,"Mule Deer","58","EW, BC","Ball Mt","Saw 5M for 2 seconds as it quietly and rapidly ran in big leaps up the forested slope coming from the direction of the carcass","Fawn","Unknown","5M","UNKNOWN; FOX gray; BOBCAT; MAGPIE; COYOTE; RACCOON; SKUNK striped; OTHER; PUMA",9,0,FALSE,FALSE,TRUE,TRUE,TRUE,0,0,0,0,0,0,0,30,1,5,0,0,0,0,30,1737.811,0,41.3764523809524,0,36.6159951075645,0,28.9635166666667,0,22.4261666666667
"5M_22Nov17","2017-11-22","2018-01-06","2017-11-22 11:21:57","2017-11-30 01:56:11",45,7.60710648148148,3337,"5M",41.61959,-121.73671,"Mule Deer","55","WB, EL","Garner Mt","EL briefly saw 5M run away as we approached, ~50m away from us.","Adult","Male","5M","UNKNOWN; RAVEN common; HAWK red-tailed; COYOTE; PUMA",5,0,FALSE,FALSE,FALSE,TRUE,TRUE,0,0,0,0,0,0,0,84,3,58,0,8,0,0,84,4825.675,0,34.7170863309353,0,32.4672252907366,0,80.4279166666667,0,513.650483333334
"5M_24Nov18","2018-11-24","2018-12-17","2018-11-24 16:22:53","2018-11-29 06:25:14",23,4.58496527777778,1586,"5M",41.64673,-121.78484,"Elk","51","BC, guest","Wildhorse Mt","No sign of 5M","Adult","Female","7M","UNKNOWN; SKUNK striped; PUMA",3,0,FALSE,FALSE,FALSE,FALSE,TRUE,0,0,0,0,0,0,0,228,86,88,42,12,1,0,228,9629.617,0,34.8899166666667,0,38.8035012320506,0,160.493616666667,0,27.9152
"5M_26Jul18","2018-07-26","2018-08-21","2018-07-26 20:00:56","2018-07-27 02:38:03",26,0.275775462962963,101,"5M",41.67215,-122.1331,"Elk","58","BC, AB","Little Deer Mt.","Approached from a lava escarpment and saw 5M from ~60 m away. He was in a gully below us at the base of lava escarpments. He was feeding on the elk. Observed him undetected for ~5 mins then slowly started the descent towards the elk. We got close and weren't stealthy, talking, footsteps made noise, but weak wind was blowing from his direction towards us. He still didn't detect us until we got to ~15 m from him. He looked at us for ~4 seconds, low growl then walked fast away in an opposite direction from us and up a vegetated lava escarpment. He didn't stop to look back, continued on, lost visual when he was ~40 m away.  ","Yearling","Male","5M","UNKNOWN; SKUNK western spotted; PUMA",3,0,FALSE,FALSE,FALSE,FALSE,TRUE,0,0,0,0,0,0,0,8,0,0,0,0,0,0,8,1021.5,0,42.5625,0,67.4229447140441,0,17.025,0,0
"5M_3Sep18","2018-09-03","2018-10-14","2018-09-03 10:26:22","2018-09-24 18:57:29",40,21.3549421296296,1214,"5M",41.71865,-122.15408,"Mule Deer","54 (Box 57)","JK, JH","Fox Flat ","No sign of 5M on receiver or approach; Kill site found ","Adult","Female","5M","UNKNOWN; CHIPMUNK; SQUIRREL golden-mantled ground; SKUNK western spotted; BIRD (other); SQUIRREL Douglas; VULTURE turkey; MOUSE; WOODRAT white-footed; PUMA",10,0,FALSE,FALSE,FALSE,FALSE,TRUE,0,0,0,0,0,0,0,11,0,8,0,0,0,0,11,1964.222,0,57.7712352941176,0,73.383227262489,0,32.7370333333333,0,14.1837833333333
"5M_5Sep17","2017-09-05","2017-10-06","2017-09-05 16:27:14","2017-09-26 11:00:16",30,20.7312731481481,2515,"5M",41.64235,-121.60676,"Mule Deer","57","WB, EL","Fourmile Hill","Saw 5M upon approach for setup. He was sitting ~10m from carcass and loped away when we were ~20m from him. Scavenger sign notes need to be updated with deployment vs retrieval.","Adult","Male","5M","UNKNOWN; RAVEN common; VULTURE turkey; EAGLE golden; COYOTE; BIRD (other); SQUIRREL golden-mantled ground; PUMA",8,0,FALSE,FALSE,FALSE,TRUE,TRUE,0,0,0,0,0,0,0,107,24,98,0,2,1,0,107,5857.014,0,39.04676,0,46.8957060285392,0,97.6169,0,889.453200000001
"7M_10May18","2018-05-10","2018-06-05",NA,NA,26,NA,0,"7M",41.49767,-121.83801,"Mule Deer","52","WB, EW","Asperin Butte","No sign of 7M when deploying camera.","Adult","Female",NA,NA,0,0,FALSE,FALSE,FALSE,FALSE,FALSE,0,0,0,0,0,0,0,0,0,0,0,0,0,0,0,0,0,0,0,NA,NA,0,0,0
"7M_15Feb18","2018-02-15","2018-03-21","2018-02-15 15:12:39","2018-02-25 17:10:25",34,10.0817824074074,964,"7M",41.62547,-121.84671,"Mule Deer","","BC, RL","Garner Butte","No sign of 7M when setting camera","Adult","Female","7M","UNKNOWN; MOUSE; JAY Stellar's; COYOTE; RAVEN common; JAY scrub; DEER Mule; SKUNK western spotted; FOX gray; ROBIN American; PUMA",11,0,FALSE,FALSE,FALSE,TRUE,TRUE,0,0,0,0,0,0,0,69,2,10,0,14,0,0,69,5338.544,0,42.708352,0,44.8841756348881,0,88.9757333333333,0,49.8732833333333
"7M_15Jan18","2018-01-15","2018-02-08","2018-01-15 15:30:56","2018-01-29 09:35:57",24,13.7534837962963,271,"7M",41.6522,-121.69286,"Mule Deer","57","BC, guest","East of Hill 23","No sign of 7M upon approach. Carcass secured with Python lock","Adult","Male","7M","UNKNOWN; SQUIRREL Douglas; BOBCAT; COYOTE; PUMA",5,0,FALSE,FALSE,TRUE,TRUE,TRUE,0,0,0,0,0,0,0,20,1,5,0,3,0,0,20,314.169,0,26.18075,0,22.3207698267576,0,5.23615,0,9.45276666666667
"7M_1Feb18","2018-02-01","2018-03-29","2018-02-01 11:23:55","2018-02-18 15:15:05",56,17.1605324074074,49,"7M",41.64445,-121.79482,"Mule Deer","57","RL, EL","North of Gardiner Mtn.","No sign of 7M when setting camera","Adult","Female","7M","UNKNOWN; COYOTE; SQUIRREL Douglas; MOUSE; BIRD (other); CHIPMUNK; PUMA",7,0,FALSE,FALSE,FALSE,TRUE,TRUE,0,0,0,0,0,0,0,4,2,1,0,1,0,0,4,0,0,0,0,NA,NA,0,0,0
"7M_22Jan18","2018-01-22","2018-02-15","2018-01-22 11:11:24","2018-02-02 19:31:28",24,11.3472685185185,233,"7M",41.65615,-121.69997,"Mule Deer","52","RL, EL","Four Corners","No sign of 7M when setting camera, used camera stake","Adult","Male","7M","UNKNOWN; RAVEN common; COYOTE; PUMA",4,0,FALSE,FALSE,FALSE,TRUE,TRUE,0,0,0,0,0,0,0,25,32,1,0,19,0,0,25,1115.33,0,31.8665714285714,0,36.1413150858467,0,18.5888333333333,0,0.969133333333333
"7M_23Nov18","2018-11-23","2019-01-07","2018-11-23 16:54:45","2018-12-12 18:20:48",45,19.0597569444444,408,"7M",41.61287,-121.73378,"Mule Deer","53","WB, guest","Garner Mt","A bit of snow there showed 7M's tracks leaving cache site, and his beacon was bumping when we parked the truck, so we likely bumped him off the carcass.","Adult","Male","7M; PUMA unidentifiable","UNKNOWN; RAVEN common; COYOTE; SQUIRREL Douglas; BOBCAT; LAGOMORPH; PUMA",7,0,FALSE,FALSE,TRUE,TRUE,TRUE,0,0,0,0,0,0,0,59,12,42,1,9,2,0,59,514.686,0,19.7956153846154,0,22.1933055763704,0,8.5781,0,18.4513666666667
"7M_24Apr18","2018-04-24","2018-05-17","2018-04-24 14:17:57","2018-05-15 23:35:10",23,21.3869560185185,201,"7M",41.74989,-121.70531,"Mule Deer","59","WB, EL","Bonita Butte","Bumped 7M upon approach. First saw him trotting away from us at ~55m. He was likely sitting very close to the carcass.","Adult","Male","7M","UNKNOWN; VULTURE turkey; MOUSE; BOBCAT; WOODRAT white-footed; RAVEN common; COYOTE; PUMA",8,0,FALSE,FALSE,TRUE,TRUE,TRUE,0,0,0,0,0,0,0,0,0,0,0,0,0,0,0,0.993,0,0.993,0,NA,0,0.01655,0,5.76573333333333
"7M_24May18","2018-05-24","2018-06-16","2018-05-24 13:04:50","2018-06-14 23:29:11",23,21.4335763888889,1767,"7M",41.66157,-121.67216,"Mule Deer","59","WB, EW","Hill 23","Heard 7M on receiver before we approached but did not see him","Adult","Female","7M","UNKNOWN; COYOTE; CHIPMUNK; BEAR black; VULTURE turkey; SQUIRREL golden-mantled ground; LAGOMORPH; PUMA",8,0,FALSE,TRUE,FALSE,TRUE,TRUE,0,0,0,0,0,0,0,232,230,53,0,33,1,1,232,3154.86,0,28.1683928571429,0,20.371553120638,0,52.581,18.9707666666667,105.572066666667
"7M_25Aug18","2018-08-25","2018-09-17","2018-08-25 14:50:20","2018-09-12 10:46:42",23,17.8308101851852,1399,"7M",41.59615,-121.7589,"Mule Deer","56","JH, BC","Tamarack Flat","No sign of 7M on approach, camera is screwed to log","Adult","Female","7M","UNKNOWN; CHIPMUNK; SQUIRREL golden-mantled ground; SQUIRREL Douglas; VULTURE turkey; RAVEN common; BIRD (other); PUMA",8,0,FALSE,FALSE,FALSE,FALSE,TRUE,0,0,0,0,0,0,0,47,0,2,0,0,0,0,47,5502.704,0,45.4768925619835,0,60.4141904971839,0,91.7117333333333,0,139.42955
"7M_29Apr18","2018-04-29","2018-05-24",NA,NA,25,NA,0,"7M",41.66167,-121.70919,"Mule Deer","54","RL, EL","E of Hill 22","Heard 7M on receiver before we approached but did not see him","Adult","Female",NA,NA,0,0,FALSE,FALSE,FALSE,FALSE,FALSE,0,0,0,0,0,0,0,0,0,0,0,0,0,0,0,0,0,0,0,NA,NA,0,0,0
"7M_29Sep18","2018-09-29","2019-07-22","2018-09-29 10:20:13","2018-10-20 13:45:49",296,21.1011111111111,492,"7M",41.60998,-121.6722,"Mule Deer","57","JH, WB","Little Mt. Hoffman ","No sign of 7M but did hear his collar on the reciever from the road. Slope 20%. Canopy cover 36.75. Aspect 256. Conifer mix, fir and pine. Shrubs mostly just seedlings, some gooseberry and ceanothus. Road used for nearest edge 160m. Nearest open 15m. Nearest hiding 2m. Camera still active. No kill site found all veg from cache site. No additional samples collected. No scavenger sign observed. 76-100% consumption. ","Fawn","Male","7M; PUMA unidentifiable","UNKNOWN; CHIPMUNK; BIRD (other); SQUIRREL Douglas; BOBCAT; MOUSE; OTHER; WOODRAT white-footed; BEAR black; ROBIN American; PUMA",11,0,FALSE,TRUE,TRUE,FALSE,TRUE,0,0,0,0,0,0,0,8,0,4,0,0,0,0,8,84.349,0,14.0581666666667,0,9.50734666280065,0,1.40581666666667,26.7305,2.71075
"7M_5Jul18","2018-07-05","2018-09-04","2018-07-05 16:15:52","2018-07-26 19:34:08",61,21.1376851851852,842,"7M",41.54074,-121.769,"Mule Deer","60","WB, TS","Red Cap Mt","No sign of 7M ","Adult","Female","7M","UNKNOWN; LAGOMORPH; CHIPMUNK; SQUIRREL Douglas; MOUSE; BOBCAT; VULTURE turkey; BIRD (other); BEAR black; PUMA",10,0,FALSE,TRUE,TRUE,FALSE,TRUE,0,0,0,0,0,0,0,9,6,4,0,9,0,0,9,511.61,0,63.95125,0,72.1930003467887,0,8.52683333333333,101.292333333333,0.737566666666667
"7M_8Aug18","2018-08-08","2018-09-04","2018-08-08 12:11:44","2018-08-29 22:19:42",27,21.4221990740741,2370,"7M",41.57119,-121.65154,"Mule Deer","57 (Box 59)","JK, BC","Little Mount Hoffman ","No sign of 7M on approach","Adult","Male","7M","UNKNOWN; RAVEN common; VULTURE turkey; BEAR black; BIRD (other); MOUSE; PUMA",7,0,FALSE,TRUE,FALSE,FALSE,TRUE,0,0,0,0,0,0,0,6,0,0,0,0,0,0,6,14.566,0,7.283,0,8.17274017695412,0,0.242766666666667,120.46725,772.396349999999
"7M_9Oct18","2018-10-09","2018-12-20","2018-10-09 13:20:39","2018-10-28 22:08:26",72,19.3665162037037,343,"7M",41.552,-121.816,"Mule Deer","55","EW, JH","Typhoon Mesa","","Adult","Male","7M; PUMA unidentifiable","UNKNOWN; BEAR black; BIRD (other); RAVEN common; CHIPMUNK; MOUSE; PUMA",7,0,FALSE,TRUE,FALSE,FALSE,TRUE,0,0,0,0,0,0,0,26,0,0,0,0,0,0,26,767.694,0,16.689,0,11.9801540780298,0,12.7949,4.81656666666667,1.21751666666667
"8F_14Dec18","2018-12-14","2019-01-09","2018-12-20 10:08:54","2018-12-19 16:28:18",26,-0.736527777777778,1824,"8F",41.61138,-121.82216,"Mule Deer","60","JH, JK","N Garner Mountain ","Bumped a cat on approach, not sure if 8F or a kitten; 8F heard on receiver from the truck","Adult","Female","8F; KITTEN1; KITTEN2","JAY Stellar's; UNKNOWN; FOX gray; RAVEN common; COYOTE; MOUSE; BOBCAT; ROBIN American; SQUIRREL Douglas; BIRD (other); PUMA",11,2,FALSE,FALSE,TRUE,TRUE,TRUE,113,71,2,28,18,1,2,30,0,1,21,0,0,0,143,3198.916,9292.206,59.2391851851852,59.186025477707,71.5627465019926,105.03180784843,208.185366666667,0,221.952383333333
"8F_16Jan18","2018-01-16","2018-02-11","2018-01-16 11:24:58","2018-02-06 23:46:09",26,21.5147106481481,240,"8F",41.70723,-122.01733,"Mule Deer","58","WB, RL","Mt Hebron","No sign of 8F or kittens when deploying camera.","Adult","Female","PUMA unidentifiable; KITTEN1; 8F; 1F; KITTEN2; KITTEN3; 3M","UNKNOWN; DEER Mule; SKUNK striped; PUMA",4,3,FALSE,FALSE,FALSE,FALSE,TRUE,6,4,0,18,4,0,0,14,2,0,1,2,0,0,20,536.349,1107.161,76.6212857142857,52.7219523809524,114.13407904261,54.8435769844347,27.3918333333333,0,0
"8F_19Jan18","2018-01-19","2018-02-10","2018-01-19 10:39:26","2018-02-09 04:47:08",22,20.7553472222222,981,"8F",41.69924,-122.02935,"Mule Deer","60","WB, RL","Mt Hebron","No sign of 8F or kittens when deploying camera; Lots of fresh tracks in the snow from them, though, and we picked up a strong VHF signal from her as we parked the truck.","Adult","Male","8F; KITTEN1; KITTEN2; KITTEN3","UNKNOWN; EAGLE golden; BIRD (other); MAGPIE; RAVEN common; COYOTE; DEER Mule; FOX gray; LAGOMORPH; PUMA",10,3,FALSE,FALSE,FALSE,TRUE,TRUE,30,2,0,42,1,0,0,34,0,0,4,0,0,0,64,1127.482,3686.648,36.3703870967742,68.2712592592593,42.7810889121797,78.4895237970889,80.2355,0,119.594866666667
"8F_20Nov18","2018-11-20","2019-07-18","2018-11-20 12:52:48","2018-11-22 00:16:03",240,1.47447916666667,1063,"8F",41.40966,-122.10427,"Mule Deer","56","WB, guest","E Mt Shasta","No sign of 8F or kittens, but we heard her beacon when parking truck. Retrieval: prey record no longer in app. Cam was off, veg done at cache pile (full of hair and remaining bones). No scavenger sign discernible. Aspect: 87, slope: 24, CC: 31.25, red Fir, no shrubs/shrub cover, nearest edge: 100m, nearest open: 8m  ","Adult","Female","8F; KITTEN1","UNKNOWN; BEAR black; PUMA",3,1,FALSE,TRUE,FALSE,FALSE,TRUE,1,0,0,0,0,0,0,16,0,0,0,0,0,0,17,349.095,0,19.3941666666667,0,19.7440837460387,0,5.81825,321.766616666667,0
"8F_21Sep18","2018-09-21","2018-10-25","2018-09-21 13:27:15","2018-10-12 17:02:43",33,21.107962962963,802,"8F",41.55665,-121.74346,"Mule Deer","56","EW, BC","Red Cap Mt","No sign of 8F","Fawn","Male","KITTEN1; KITTEN2; 8F; PUMA unidentifiable","UNKNOWN; SKUNK striped; BEAR black; SQUIRREL Douglas; MOUSE; LAGOMORPH; SQUIRREL golden-mantled ground; CHIPMUNK; PUMA",9,2,FALSE,TRUE,FALSE,FALSE,TRUE,33,1,1,2,0,1,2,7,2,0,1,0,0,0,40,299.399,1591.127,19.9599333333333,46.7978529411765,21.7452729262729,83.7316108792388,31.5087666666667,115.251566666667,0
"8F_22Mar18","2018-03-22","2018-04-14","2018-03-22 16:28:58","2018-04-12 12:04:42",23,20.8581481481481,1907,"8F",41.70523,-121.99333,"Mule Deer","59","BC","Mt Hebron","Collared doe","Adult","Female","KITTEN1; KITTEN2; KITTEN3; 8F; 3M","UNKNOWN; FOX gray; CHIPMUNK; BIRD (other); DEER Mule; SQUIRREL California ground; REPTILE; SQUIRREL golden-mantled ground; PUMA",9,3,FALSE,FALSE,FALSE,FALSE,TRUE,51,49,0,36,25,1,0,57,29,1,1,7,0,0,108,1026.917,2220.11,24.4504047619048,32.1755072463768,22.7268943067937,36.3155668256916,54.1171166666667,0,5.84566666666667
"8F_25Feb18","2018-02-25","2018-03-19","2018-02-25 09:18:35","2018-03-18 08:12:24",22,20.9540393518519,308,"8F",41.6269,-121.97408,"Mule Deer","56","RL, EL","Tennant","No sign of 8F when deploying camera, fresh kitten tracks in snow","Adult","Female","KITTEN1; 8F; KITTEN2; KITTEN3; PUMA unidentifiable","UNKNOWN; JAY Stellar's; BIRD (other); COYOTE; MAGPIE; RAVEN common; DEER Mule; SKUNK striped; PUMA",9,3,FALSE,FALSE,FALSE,TRUE,TRUE,15,2,0,10,0,0,0,4,0,0,2,0,0,0,19,121.229,422.145,30.30725,42.2145,29.9865337596173,60.502711425467,9.05623333333333,0,22.8358
"8F_28Mar18","2018-03-28","2018-04-19","2018-03-28 14:54:42","2018-04-18 13:18:53",22,20.9751273148148,609,"8F",41.71191,-121.94151,"Mule Deer","57","RL, BC","Round Valley","No sign of 8F or kittens.  Photos from deployment uploaded","Adult","Female","KITTEN1; 8F; KITTEN2; KITTEN3; PUMA unidentifiable","UNKNOWN; BIRD (other); FOX gray; SQUIRREL California ground; CHIPMUNK; COYOTE; RAVEN common; MOUSE; PUMA",9,3,FALSE,FALSE,FALSE,TRUE,TRUE,20,3,1,16,3,0,3,10,2,1,9,2,0,0,30,132.837,635.007,13.2837,25.40028,7.16888176697655,28.9603290619542,12.7974,0,80.9034333333333
"8F_29Apr18","2018-04-29","2018-05-22","2018-04-29 14:07:10","2018-05-08 17:33:07",23,9.14302083333333,3220,"8F",41.64806,-121.99086,"Mule Deer","55","WB, EL","Orr Lake","Bumped 8F and all 3 kittens upon approach. They were ~10m from the carcass under a large juniper. 8F and two of the kittens ran away when we were ~25m away. The third kitten hid behind a bush until we were ~10m away. We talked softly the whole time.","Adult","Male","KITTEN1; 8F; KITTEN2; KITTEN3; PUMA unidentifiable","UNKNOWN; COYOTE; MAGPIE; VULTURE turkey; RAVEN common; EAGLE golden; PUMA",7,3,FALSE,FALSE,FALSE,TRUE,TRUE,115,134,17,48,3,0,0,84,49,27,3,5,0,0,199,2755.758,5108.87,43.05871875,31.5362345679012,64.3755830571762,33.6498083422861,131.077133333333,0,333.9357
"8F_29May18","2018-05-29","2018-07-12",NA,NA,44,NA,0,"8F",41.44448,-121.98547,"Mule Deer","51","WB, JH","Dry Creek Peak","No sign of 8F and kittens","Adult","Female",NA,NA,0,0,FALSE,FALSE,FALSE,FALSE,FALSE,0,0,0,0,0,0,0,0,0,0,0,0,0,0,0,0,0,0,0,NA,NA,0,0,0
"8F_3Sep18","2018-09-03","2018-11-12","2018-09-03 15:31:02","2018-09-24 19:10:19",69,21.1522800925926,1496,"8F",41.5241,-122.08944,"Mule Deer","53","JK, JH","Whaleback/Pomeroy Creek","Heard 8F on receiver before approaching, but no visual ","Adult","Male","KITTEN1; 8F","UNKNOWN; BEAR black; VULTURE turkey; SKUNK western spotted; CHIPMUNK; SQUIRREL Douglas; MOUSE; SQUIRREL golden-mantled ground; FOX gray; BIRD (other); FLICKER northern; PUMA",12,1,FALSE,TRUE,FALSE,FALSE,TRUE,38,0,2,0,0,0,1,8,0,0,0,0,0,0,46,893.708,2570.389,68.7467692307692,40.162328125,78.8916476041178,43.2794386311093,57.73495,106.4179,26.3856666666667
"8F_4Jun18","2018-06-04","2018-07-12",NA,NA,38,NA,0,"8F",41.45667,-122.00901,"Mule Deer","55","WB, JK","Ash Creek Butte","Saw 8F run away when we were ~80m away, uphill. No sign of the kittens.","Adult","Female",NA,NA,0,0,FALSE,FALSE,FALSE,FALSE,FALSE,0,0,0,0,0,0,0,0,0,0,0,0,0,0,0,0,0,0,0,NA,NA,0,0,0
"8F_7Jun18","2018-06-07","2018-07-13",NA,NA,36,NA,0,"8F",41.45361,-122.10503,"Mule Deer","58","WB, NV","Brewer Creek TH","No sign of 8F, but bear had taken over carcass before deployment.","Adult","Female",NA,NA,0,0,FALSE,FALSE,FALSE,FALSE,FALSE,0,0,0,0,0,0,0,0,0,0,0,0,0,0,0,0,0,0,0,NA,NA,0,0,0
"8F_9Mar18","2018-03-09","2018-04-01",NA,NA,23,NA,0,"8F",41.69937,-121.98071,"Mule Deer","51","BC, RL","N of Orr","Potential SD card malfunction","Adult","Male",NA,NA,0,0,FALSE,FALSE,FALSE,FALSE,FALSE,0,0,0,0,0,0,0,0,0,0,0,0,0,0,0,0,0,0,0,NA,NA,0,0,0
"9F_14Mar19","2019-03-14","2019-04-09","2019-03-14 14:38:28","2019-04-04 16:15:19",26,21.0672569444444,513,"9F",41.69566,-121.90418,"Mule Deer","51","JK, HB","Cedar Mt","9F heard of omni after setting the camera, likely close","Fawn","Male","9F","UNKNOWN; BIRD (other); SQUIRREL Douglas; SKUNK western spotted; BEAR black; MOUSE; BOBCAT; PUMA",8,0,FALSE,TRUE,TRUE,FALSE,TRUE,0,0,0,0,0,0,0,40,0,17,0,0,0,0,40,1358.353,0,30.8716590909091,0,31.1578251927432,0,22.6392166666667,26.6965833333333,3.82281666666667
"9F_17Apr19","2019-04-17","2019-06-03","2019-04-17 12:56:47","2019-04-22 20:27:11",47,5.31277777777778,1356,"9F",41.72965,-121.90544,"Mule Deer","64","JK, SS","Cedar Mt","9F heard on omni before site visit, but not after. ","Adult","Female","9F","UNKNOWN; SQUIRREL golden-mantled ground; PUMA",3,0,FALSE,FALSE,FALSE,FALSE,TRUE,0,0,0,0,0,0,0,192,1,61,0,1,1,0,192,14465.97,0,48.2199,0,62.3808912114743,0,241.0995,0,0
"9F_18Dec18","2018-12-18","2019-01-11","2018-12-18 12:19:34","2019-01-04 10:36:41",24,16.9285532407407,267,"9F",41.71793,-121.73331,"Mule Deer","","JH, EW","Three sisters","9F was heard on the reciever when we parked, did not see her and did not hear her on the reciever when we left","Adult","Male","9F","UNKNOWN; BEAR black; COYOTE; JAY Stellar's; ROBIN American; BIRD (other); PUMA",7,0,FALSE,TRUE,FALSE,TRUE,TRUE,0,0,0,0,0,0,0,13,0,10,0,0,0,0,13,591.463,0,34.7919411764706,0,37.7096619987348,0,9.85771666666667,20.0445833333333,0.0330666666666667
"9F_19Mar18","2018-03-19","2018-04-09","2018-03-19 10:36:27","2018-04-09 12:07:14",21,21.1047106481481,740,"9F",41.7156,-121.89013,"Mule Deer","52","RL, EL","Cedar mtn","No sign of 9F when approaching. Tracks from night before","Adult","Male","9F","UNKNOWN; LAGOMORPH; SQUIRREL Douglas; BEAR black; PUMA",5,0,FALSE,TRUE,FALSE,FALSE,TRUE,0,0,0,0,0,0,0,115,3,71,0,1,0,0,115,3448.603,0,28.9798571428571,0,30.6640683114883,0,57.4767166666667,15.0167666666667,0
"9F_1Sep18","2018-09-01","2018-10-13","2018-09-01 16:03:27","2018-09-22 18:47:33",41,21.1139583333333,895,"9F",41.76899,-122.11115,"Mule Deer","57 (Box 59)","WB, BC","Ball Mt","No sign of 9F","Fawn","Male","9F","UNKNOWN; SQUIRREL Douglas; BIRD (other); CHIPMUNK; BEAR black; SKUNK western spotted; SQUIRREL California ground; PUMA",8,0,FALSE,TRUE,FALSE,FALSE,TRUE,0,0,0,0,0,0,0,2,1,4,0,0,0,0,2,24.662,0,24.662,0,NA,0,0.411033333333333,0.8881,0
"9F_22May18","2018-05-22","2018-06-15",NA,NA,24,NA,0,"9F",41.711,-121.1891,"Mule Deer","55","BC, JH","Cedar Mountain","No sign of 9F","Yearling","Male",NA,NA,0,0,FALSE,FALSE,FALSE,FALSE,FALSE,0,0,0,0,0,0,0,0,0,0,0,0,0,0,0,0,0,0,0,NA,NA,0,0,0
"9F_23Aug18","2018-08-23","2018-09-17","2018-08-23 10:18:39","2018-09-13 09:51:44",25,20.9813078703704,555,"9F",41.7519,-122.16244,"Mule Deer","","JH, JK","Fox Flat","No sign of 9F on approach, camera is screwed to tree!","Adult","Female","9F","UNKNOWN; VULTURE turkey; RAVEN common; BEAR black; COYOTE; SQUIRREL Douglas; PUMA",7,0,FALSE,TRUE,FALSE,TRUE,TRUE,0,0,0,0,0,0,0,3,0,0,0,0,0,0,3,47.065,0,23.5325,0,8.89469620054558,0,0.784416666666667,54.10645,74.1479666666667
"9F_29Jan19","2019-01-29","2019-03-27","2019-01-29 12:18:20","2019-02-16 21:44:48",57,18.3933796296296,426,"9F",41.73348,-121.7724,"Mule Deer","60","WB, JH","Sharp Mountain","No sign of 9F","Adult","Female","9F","UNKNOWN; COYOTE; SKUNK striped; MAGPIE; ROBIN American; PUMA",6,0,FALSE,FALSE,FALSE,TRUE,TRUE,0,0,0,0,0,0,0,12,1,20,2,0,0,0,12,357.814,0,29.8178333333333,0,21.2413795513009,0,5.96356666666667,0,28.2853666666667
"9F_2May18","2018-05-02","2018-05-30",NA,NA,28,NA,0,"9F",41.71085,-121.88557,"Mule Deer","55","WB, EW","Cedar Mt","9F not on carcass","Adult","Female",NA,NA,0,0,FALSE,FALSE,FALSE,FALSE,FALSE,0,0,0,0,0,0,0,0,0,0,0,0,0,0,0,0,0,0,0,NA,NA,0,0,0
"9F_3Apr19","2019-04-03","2019-04-30","2019-04-03 11:38:00","2019-04-22 08:34:02",27,18.913912037037,291,"9F",41.69084,-121.96023,"Mule Deer","58","JH, HS","Kegg","9F not seen or heard upon approach","Adult","Female","9F","UNKNOWN; COYOTE; SQUIRREL Douglas; SQUIRREL golden-mantled ground; DEER Mule; PUMA",6,0,FALSE,FALSE,FALSE,TRUE,TRUE,0,0,0,0,0,0,0,26,6,26,0,5,0,0,26,71.192,0,17.798,0,16.2664981480342,0,1.18653333333333,0,8.0884
"9F_4Apr18","2018-04-04","2018-04-26","2018-04-04 15:52:04","2018-04-25 08:14:28",22,20.6822222222222,958,"9F",41.7399,-121.91327,"Mule Deer","55","RL, BC","North of Cedar","","Fawn","Male","9F","UNKNOWN; SQUIRREL western gray; COYOTE; SQUIRREL Douglas; COW domestic; RAT; CHIPMUNK; PUMA",8,0,FALSE,FALSE,FALSE,TRUE,TRUE,0,0,0,0,0,0,0,126,12,41,0,6,0,1,126,3697.268,0,28.4405230769231,0,27.6715036749224,0,61.6211333333333,0,19.4609666666667
"9F_7Dec18","2018-12-07","2019-01-10","2018-12-07 15:11:29","2018-12-28 22:03:50",34,21.2863541666667,1235,"9F",41.72003,-121.77759,"Mule Deer","58","JH, JK","Sharp Mountain","no sign of 9F","Adult","Female","9F","UNKNOWN; MAGPIE; EAGLE golden; RAVEN common; BEAR black; BIRD (other); WOODRAT white-footed; MOUSE; SKUNK western spotted; FOX gray; PUMA",11,0,FALSE,TRUE,FALSE,FALSE,TRUE,0,0,0,0,0,0,0,16,0,0,0,0,0,0,16,711.952,0,24.5500689655172,0,28.164984574228,0,11.8658666666667,21.5901,497.8193
"9F_9Jul18","2018-07-09","2018-08-12","2018-07-09 12:21:57","2018-07-29 01:47:51",34,19.5596527777778,140,"9F",41.7448,-122.13079,"Mule Deer","54","JK, BC","Fox Flat","No sign of 9F","Fawn","Unknown","9F","UNKNOWN; FOX gray; SQUIRREL Douglas; SQUIRREL golden-mantled ground; DEER Mule; BOBCAT; VULTURE turkey; CHIPMUNK; BEAR black; PUMA",10,0,FALSE,TRUE,TRUE,FALSE,TRUE,0,0,0,0,0,0,0,10,0,2,0,0,0,0,10,565.051,0,56.5051,0,37.7557507862489,0,9.41751666666667,2.184,2.60081666666667
